{
    "eigen_values": 15.70820377900024,
    "eigen_vectors": [
        0.8975880708420885,
        1.0,
        -0.44089182835053903
    ],
    "useErrors": [
        "Power Method n\u00e3o calcula determinante"
    ],
    "determinant": 0,
    "convergenceInterationNumber": 10
}