{
    "solution": [
        -8.333306477647254,
        -6.666644032961452,
        -21.333261797426363,
        -5.333313969233424,
        -26.999909099993122,
        0.0,
        -21.33326384790806,
        5.3333145242796105,
        -8.333307995147557,
        6.6666453118956195
    ],
    "useErrors": 434,
    "determinant": 0,
    "convergenceInterationNumber": [],
    "historical_residues": [
        3.5501237477318686,
        0.6044374140556088,
        0.3493003496488355,
        0.2520973664313437,
        0.19656250995881003,
        0.16033614070264973,
        0.13481659846961733,
        0.11585590514496627,
        0.10120986409864845,
        0.08955677787680685,
        0.08006632971037987,
        0.07218998975893641,
        0.06555054329616095,
        0.05987993950034989,
        0.05498241936868846,
        0.05071166310497737,
        0.046956098705503276,
        0.04362915877146379,
        0.040662643175334065,
        0.03800209027355847,
        0.035603481370417224,
        0.03343085080333726,
        0.031454523936636294,
        0.029649798609994473,
        0.02799594503024405,
        0.026475437819655324,
        0.025073359665235224,
        0.02377693342169829,
        0.022575151493400576,
        0.021458479680291916,
        0.02041861859198485,
        0.019448309979369062,
        0.018541178414708422,
        0.01769160101295643,
        0.016894599564460874,
        0.016145750705425108,
        0.015441110701808258,
        0.01477715214591167,
        0.014150710420824731,
        0.013558938218293086,
        0.012999266731139377,
        0.012469372404799735,
        0.011967148340638266,
        0.011490679609128224,
        0.011038221863213666,
        0.010608182748462654,
        0.010199105692506007,
        0.009809655725995911,
        0.009438607044220757,
        0.009084832065148913,
        0.008747291778059095,
        0.008425027208648123,
        0.008117151852839618,
        0.007822844953443894,
        0.007541345512170603,
        0.007271946944866915,
        0.007013992300819951,
        0.006766869977892897,
        0.006530009874535306,
        0.006302879927582588,
        0.006084982991474361,
        0.005875854020249911,
        0.0056750575186049704,
        0.005482185232505864,
        0.0052968540535039965,
        0.005118704114026103,
        0.004947397053640946,
        0.004782614438655687,
        0.004624056319447329,
        0.004471439911720522,
        0.004324498389442144,
        0.0041829797785631825,
        0.004046645941844037,
        0.003915271646134142,
        0.0037886437043968065,
        0.0036665601855695785,
        0.0035488296860807407,
        0.0034352706574721672,
        0.003325710785141032,
        0.0032199864137182205,
        0.0031179420150401873,
        0.0030194296950680384,
        0.0029243087364594694,
        0.002832445173816827,
        0.002743711398909083,
        0.002657985793423638,
        0.002575152387027313,
        0.0024951005387154456,
        0.002417724639614967,
        0.0023429238355676665,
        0.0022706017679670278,
        0.0022006663314590455,
        0.002133029447230183,
        0.0020676068507254762,
        0.0020043178927232285,
        0.0019430853527978742,
        0.0018838352642683272,
        0.0018264967498171027,
        0.001771001867016501,
        0.0017172854630733729,
        0.001665285038149727,
        0.0016149406166701852,
        0.0015661946260743245,
        0.0015189917825087838,
        0.0014732789830003788,
        0.0014290052036796434,
        0.0013861214036589677,
        0.001344580434199603,
        0.0013043369528266376,
        0.001265347342079072,
        0.0012275696326018075,
        0.0011909634303081235,
        0.0011554898473619853,
        0.0011211114367446677,
        0.0010877921301908435,
        0.0010554971792860186,
        0.0010241930995433576,
        0.0009938476172794925,
        0.0009644296191241289,
        0.0009359091040162985,
        0.0009082571375380743,
        0.0008814458084553668,
        0.0008554481873408245,
        0.000830238287161021,
        0.0008057910257192379,
        0.0007820821898526712,
        0.0007590884012855706,
        0.0007367870840515591,
        0.0007151564333977554,
        0.0006941753860951457,
        0.0006738235920771942,
        0.0006540813873402816,
        0.0006349297680382462,
        0.0006163503657101841,
        0.000598325423584209,
        0.0005808377739009736,
        0.0005638708162077694,
        0.0005474084965722937,
        0.0005314352876729006,
        0.0005159361697207538,
        0.0005008966121739243,
        0.0004863025562047007,
        0.0004721403978847263,
        0.0004583969720525007,
        0.0004450595368339201,
        0.00043211575878041313,
        0.0004195536985995161,
        0.00040736179745216606,
        0.0003955288637842753,
        0.00038404406067536826,
        0.00037289689367650346,
        0.00036207719911644527,
        0.00035157513285820547,
        0.00034138115947987606,
        0.0003314860418674539,
        0.00032188083119941233,
        0.0003125568573027719,
        0.0003035057193716782,
        0.00029471927702602835,
        0.00028618964170032174,
        0.0002779091683469681,
        0.0002698704474410551,
        0.00026206629727540284,
        0.00025448975653095485,
        0.00024713407711509554,
        0.00023999271725392977,
        0.00023305933482964226,
        0.00022632778095291173,
        0.00021979209376118728,
        0.00021344649243326073,
        0.00020728537141181586,
        0.0002013032948272796,
        0.00019549499111139973,
        0.0001898553477990911,
        0.00018437940650415752,
        0.0001790623580693241,
        0.0001738995378782481,
        0.00016888642132643325,
        0.00016401861944600863,
        0.00015929187467437938,
        0.00015470205676522037,
        0.00015024515883641757,
        0.00014591729354725857,
        0.00014171468940278744,
        0.00013763368717934415,
        0.0001336707364669504,
        0.00012982239232558205,
        0.0001260853120490282,
        0.00012245625203501922,
        0.00011893206475577232,
        0.00011550969582628724,
        0.00011218618116760637,
        0.00010895864426014592,
        0.00010582429348575197,
        0.00010278041955370549,
        9.982439300850685e-05,
        9.695366181751327e-05,
        9.416574903454712e-05,
        9.145825053672238e-05,
        8.882883283300079e-05,
        8.627523094112191e-05,
        8.379524633183447e-05,
        8.138674493642075e-05,
        7.904765521671875e-05,
        7.677596629527663e-05,
        7.456972614342712e-05,
        7.242703982610181e-05,
        7.034606779889057e-05,
        6.8325024260356e-05,
        6.63621755539779e-05,
        6.44558386172282e-05,
        6.260437948234157e-05,
        6.080621181885161e-05,
        5.905979552300435e-05,
        5.73636353502476e-05,
        5.571627958823279e-05,
        5.4116318770729304e-05,
        5.2562384430527636e-05,
        5.105314789092265e-05,
        4.958731909209145e-05,
        4.816364545478867e-05,
        4.6780910776743916e-05,
        4.543793416380885e-05,
        4.4133568991489605e-05,
        4.286670189990076e-05,
        4.163625181665307e-05,
        4.04411690107546e-05,
        3.928043417419009e-05,
        3.8153057530376796e-05,
        3.705807797023901e-05,
        3.5994562213694946e-05,
        3.496160399606624e-05,
        3.395832327827155e-05,
        3.2983865481703224e-05,
        3.203740074466298e-05,
        3.1118123201449364e-05,
        3.022525028256691e-05,
        2.9358022035718447e-05,
        2.851570046732268e-05,
        2.7697568903045362e-05,
        2.690293136699796e-05,
        2.6131111979855064e-05,
        2.538145437448463e-05,
        2.4653321128689767e-05,
        2.394609321478288e-05,
        2.3259169465387702e-05,
        2.2591966054767145e-05,
