{
    "eigen_values": [
        0.9999999999999999,
        1.5385164807134502,
        0.4614835192865496
    ],
    "eigen_vectors": [
        [
            0.9284766923832285,
            0.2626128604233501,
            0.2626128657194187
        ],
        [
            4.03336564226747e-09,
            0.7071067811865474,
            -0.7071067811865475
        ],
        [
            -0.3713906726091804,
            0.6565321664170507,
            0.6565321642986234
        ]
    ],
    "useErrors": [],
    "determinant": 0.7099999999999999,
    "convergenceInterationNumber": 7
}