{
    "eigen_values": 1.5385165030572991,
    "eigen_vectors": [
        0.3724710952897362,
        1.0,
        0.9280445367152407
    ],
    "useErrors": [
        "Power Method n\u00e3o calcula determinante"
    ],
    "determinant": 0,
    "convergenceInterationNumber": 14
}