{
    "eigen_values": [
        0.4445554456504485,
        35.79315559263064,
        61.67866311060861,
        64.02725862634847,
        8.056367224761898,
        64.3279929341335,
        2.7592159371515037,
        61.28427705765599,
        15.427204869348467,
        36.20130920171059
    ],
    "eigen_vectors": [
        [
            0.1793965018292115,
            -0.4474834749000266,
            -0.23748995398432468,
            0.2171128939426677,
            -0.40501351630340865,
            -0.2168214988312797,
            -0.33686792033947416,
            0.24149114043570982,
            -0.31723863344979586,
            -0.42491189663674117
        ],
        [
            0.15050816164771902,
            0.5269695876212647,
            -0.34224768204323447,
            0.1964861376171785,
            -0.209547290381251,
            -0.2991476592612188,
            -0.23259450162404852,
            0.23434487984540897,
            -0.0946132559765913,
            0.5408708596425151
        ],
        [
            0.4837310008178478,
            0.09773029545513472,
            0.4807792073315643,
            0.04082956350724053,
            -0.15374462106582495,
            0.46312615709276245,
            -0.5088608092561954,
            0.009744495646704005,
            0.15142471916857628,
            0.05958555933874636
        ],
        [
            0.1302547779883061,
            -0.07509246402136315,
            -0.020778409021829876,
            0.5333466699768256,
            0.43875323584951825,
            -0.03307697273755592,
            0.10290894413186374,
            0.5134028785536441,
            0.4596282935438624,
            -0.1160817780365223
        ],
        [
            0.6232209877704484,
            -0.11723056890026712,
            -0.43562519993191207,
            -0.5062202393042683,
            0.38964644053392455,
            6.236354770853784e-11,
            -6.287895559363893e-11,
            -5.773260339424174e-11,
            9.790949421521767e-11,
            -1.55299954819553e-10
        ],
        [
            1.4543453074107667e-10,
            1.894231453541333e-09,
            -1.0942981720595648e-12,
            -1.7722872219782507e-10,
            3.4599905268946656e-10,
            0.5439102721606288,
            0.35465540584438143,
            0.4961593203456396,
            -0.5589639834164155,
            0.14059286262436474
        ],
        [
            0.4837310012350417,
            0.09773029487157453,
            0.4807792073320592,
            0.04082956344265865,
            -0.15374462165383285,
            -0.4631261574144386,
            0.508860808531286,
            -0.00974449565199245,
            -0.15142471918509068,
            -0.05958555907973906
        ],
        [
            -0.13025477790404547,
            0.07509246458195773,
            0.020778409021853537,
            -0.5333466699414168,
            -0.4387532358971783,
            -0.033076972578591705,
            0.10290894397483528,
            0.5134028783957654,
            0.4596282937449193,
            -0.1160817778376473
        ],
        [
            0.17939650210530153,
            -0.44748347377706565,
            -0.23748995398530315,
            0.21711289412194346,
            -0.4050135160282883,
            0.216821501720315,
            0.33686792170656427,
            -0.2414911403090824,
            0.3172386333647263,
            0.4249118954503348
        ],
        [
            -0.15050816183837673,
            -0.5269695913904102,
            0.34224768204434713,
            -0.19648613771146578,
            0.20954728999977382,
            -0.29914765673086885,
            -0.2325944997254673,
            0.23434487987691932,
            -0.0946132559003927,
            0.5408708582456616
        ]
    ],
    "useErrors": [],
    "determinant": 3075468749999.9995,
    "convergenceInterationNumber": 152
}